Date,Close,High,Low,Open,Volume
2025-01-02,25.95,26.7,25.95,26.26,2200
2025-01-03,25.64,26.36,25.64,26.36,1800
2025-01-06,25.69,26.0,25.44,25.63,4300
2025-01-07,25.7,25.73,25.37,25.64,1600
2025-01-08,26.04,26.27,25.86,25.87,2500
2025-01-09,25.74,25.74,25.11,25.5,2900
2025-01-10,25.73,25.87,25.62,25.8,1300
2025-01-13,25.04,25.7,25.04,25.7,400
2025-01-14,24.74,25.19,24.17,25.19,6200
2025-01-15,24.9,25.08,24.87,25.08,3900
2025-01-16,25.1,25.1,24.55,24.94,1200
2025-01-17,23.7,25.26,23.7,25.16,4800
2025-01-20,25.19,25.43,24.06,24.06,3400
2025-01-21,24.51,25.12,24.46,25.11,2800
2025-01-22,24.44,24.88,24.44,24.75,800
2025-01-23,24.22,24.49,24.18,24.49,800
2025-01-24,24.58,24.58,24.17,24.34,1400
2025-01-27,25.05,25.27,24.87,24.87,5900
2025-01-28,25.12,25.4,24.96,24.96,1600
2025-01-29,25.8,25.9,24.93,25.16,3800
2025-01-30,25.6,25.97,25.45,25.8,700
2025-01-31,25.12,25.67,25.07,25.6,1100
2025-02-03,25.47,25.47,24.93,24.93,2200
2025-02-04,25.07,25.31,25.02,25.02,800
2025-02-05,25.28,25.28,25.1,25.1,1700
2025-02-06,22.99,23.75,22.96,23.75,15700
2025-02-07,23.0,23.3,22.94,22.99,2500
2025-02-10,23.17,23.44,22.95,23.0,4500
2025-02-11,23.04,23.1,23.04,23.1,200
2025-02-12,23.53,23.53,23.22,23.22,700
2025-02-13,23.48,23.71,23.48,23.71,300
2025-02-14,23.43,23.73,23.37,23.73,500
2025-02-18,23.09,23.32,23.09,23.32,1100
2025-02-19,23.18,23.35,22.52,23.07,2800
2025-02-20,22.51,23.09,22.51,22.76,2800
2025-02-21,22.42,22.67,22.3,22.67,600
2025-02-24,22.7,22.7,22.42,22.42,1300
2025-02-25,22.93,22.94,22.38,22.38,900
2025-02-26,22.71,23.07,22.68,22.75,1000
2025-02-27,22.86,22.87,22.77,22.77,1000
2025-02-28,23.03,23.13,22.86,22.98,1100
2025-03-03,23.09,23.16,22.28,22.28,3200
2025-03-04,22.34,23.2,22.34,22.88,3100
2025-03-05,22.6,22.92,22.6,22.92,400
2025-03-06,22.76,22.82,22.59,22.59,700
2025-03-07,23.13,23.13,23.04,23.04,400
2025-03-10,23.2,23.24,23.09,23.09,54900
2025-03-11,22.49,22.8,21.93,22.8,2800
2025-03-12,21.8,22.13,21.8,22.07,1300
2025-03-13,21.99,22.02,21.84,21.98,1100
2025-03-14,22.03,22.03,21.94,22.01,600
2025-03-17,21.99,22.71,21.99,22.71,500
2025-03-18,21.99,22.01,21.92,21.92,600
2025-03-19,22.19,22.41,22.02,22.17,1300
2025-03-20,22.57,22.57,22.4,22.42,800
2025-03-21,22.95,22.95,22.29,22.39,3300
2025-03-24,22.95,22.99,22.74,22.74,900
2025-03-25,22.83,22.92,22.71,22.87,1500
2025-03-26,22.42,22.42,22.34,22.36,400
2025-03-27,21.43,21.68,20.0,21.68,6800
2025-03-28,20.22,21.21,19.93,21.21,700
2025-03-31,20.87,21.29,20.13,20.13,1600
2025-04-01,20.12,20.9,20.12,20.85,1200
2025-04-02,20.42,20.42,20.11,20.2,1200
2025-04-03,18.28,19.53,18.24,19.53,8700
2025-04-04,17.15,17.84,17.07,17.84,6200
2025-04-07,16.84,17.0,15.98,16.99,4500
2025-04-08,15.67,16.79,15.55,16.78,3500
2025-04-09,18.4,18.4,14.93,15.55,8200
2025-04-10,15.9,17.47,15.54,17.47,2400
2025-04-11,15.81,15.86,15.24,15.6,4800
2025-04-14,16.84,17.02,16.38,16.38,2700
2025-04-15,16.62,16.82,16.54,16.82,700
2025-04-16,16.23,16.63,16.2,16.57,900
2025-04-17,16.68,16.74,16.3,16.48,2100
2025-04-21,16.65,16.73,16.37,16.73,1100
2025-04-22,16.66,17.44,16.66,17.4,3400
2025-04-23,17.68,18.05,17.68,17.88,2800
2025-04-24,19.24,19.24,18.46,18.47,3300
2025-04-25,19.03,19.29,18.76,19.29,800
2025-04-28,18.92,18.96,18.73,18.96,600
2025-04-29,19.0,19.2,18.98,18.99,1400
2025-04-30,15.25,16.81,14.56,16.81,28400
2025-05-01,15.97,16.1,15.6,15.6,10600
2025-05-02,15.81,16.53,15.77,16.13,11300
2025-05-05,15.66,15.9,15.55,15.9,4600
2025-05-06,14.64,15.69,14.64,15.69,9300
2025-05-07,15.69,15.77,15.0,15.09,3300
2025-05-08,15.99,16.33,15.88,16.21,1900
2025-05-09,15.78,15.98,15.53,15.98,1100
2025-05-12,16.54,16.95,16.5,16.5,2700
2025-05-13,16.47,16.59,16.21,16.55,2000
2025-05-14,15.52,16.24,15.52,16.12,1600
2025-05-15,16.27,16.27,15.89,15.95,900
2025-05-16,16.35,16.56,16.35,16.56,3200
2025-05-20,16.94,16.94,15.86,16.53,7000
2025-05-21,15.25,15.86,15.25,15.8,8900
2025-05-22,15.56,15.7,15.56,15.7,1700
2025-05-23,15.49,15.54,15.25,15.45,1400
2025-05-26,15.49,15.49,15.49,15.49,0
2025-05-27,16.32,16.58,15.93,15.97,3600
2025-05-28,15.5,16.23,15.5,16.16,13400
2025-05-29,16.18,16.2,15.9,15.9,1100
2025-05-30,15.55,16.06,15.55,16.06,7900
2025-06-02,15.21,15.8,15.21,15.55,2300
2025-06-03,15.81,15.97,15.47,15.47,1000
2025-06-04,15.64,15.81,15.64,15.81,1600
2025-06-05,15.79,15.9,15.69,15.7,3700
2025-06-06,16.03,16.07,15.9,15.98,1200
2025-06-09,16.36,16.46,16.0,16.08,1800
2025-06-10,16.71,17.21,16.37,16.37,10700
2025-06-11,17.09,17.32,17.03,17.19,1300
2025-06-12,16.93,16.96,16.8,16.94,2100
2025-06-13,16.99,16.99,16.65,16.65,4800
2025-06-16,16.55,16.97,16.55,16.97,6100
2025-06-17,15.78,16.52,15.76,16.3,11200
2025-06-18,15.8,15.95,15.69,15.69,3000
2025-06-19,15.77,15.86,15.77,15.86,400
2025-06-20,15.73,16.19,15.73,15.83,31000
2025-06-23,16.49,16.51,15.98,15.98,2400
2025-06-24,16.53,16.75,16.53,16.6,1000
2025-06-25,16.74,16.84,16.55,16.79,2400
2025-06-26,16.59,16.79,16.48,16.79,2500
2025-06-27,16.9,17.25,16.76,16.76,2600
2025-06-30,17.9,18.13,17.48,17.48,2400
2025-07-02,18.6,18.7,18.11,18.11,500
2025-07-03,18.88,18.88,18.5,18.5,1800
2025-07-04,18.94,19.03,18.89,18.94,1400
2025-07-07,19.0,19.05,18.8,18.92,1400
2025-07-08,19.18,19.5,19.0,19.2,1900
2025-07-09,19.29,19.3,18.98,19.19,1900
2025-07-10,19.34,19.6,19.2,19.2,700
2025-07-11,19.0,19.14,19.0,19.08,1000
2025-07-14,18.62,18.98,18.62,18.88,4000
2025-07-15,18.8,18.9,18.64,18.64,1400
2025-07-16,19.03,19.03,18.68,18.88,1900
2025-07-17,19.51,19.52,18.95,18.95,1600
2025-07-18,19.15,19.3,19.15,19.29,1100
2025-07-21,19.05,19.15,19.05,19.15,2100
2025-07-22,19.35,19.35,19.24,19.29,700
2025-07-23,19.34,19.51,19.34,19.43,1300
2025-07-24,19.04,19.35,19.04,19.28,1700
2025-07-25,19.61,19.87,19.03,19.03,7500
2025-07-28,19.83,20.37,19.78,19.78,4800
2025-07-29,20.17,20.55,20.02,20.02,2000
2025-07-30,18.91,20.8,18.91,20.75,10900
2025-07-31,18.94,18.94,18.24,18.9,6900
2025-08-01,18.66,18.75,18.25,18.75,3400
2025-08-05,19.99,20.44,18.93,18.93,5000
2025-08-06,19.47,19.91,19.47,19.9,1000
2025-08-07,18.85,19.69,18.85,19.69,4000
2025-08-08,18.76,18.76,18.76,18.76,200
2025-08-11,18.87,18.87,18.79,18.81,1100
2025-08-12,18.76,19.13,18.76,19.12,1100
2025-08-13,19.48,19.48,19.2,19.2,800
2025-08-14,19.49,19.49,19.39,19.45,800
2025-08-15,20.07,20.5,19.74,19.74,3100
2025-08-18,20.09,20.16,20.09,20.16,200
2025-08-19,20.19,20.39,20.13,20.18,1400
2025-08-20,20.2,20.41,20.13,20.35,1000
2025-08-21,20.2,20.2,20.06,20.12,1100
2025-08-22,20.02,20.69,20.02,20.3,3500
2025-08-25,20.19,20.31,20.19,20.31,500
2025-08-26,20.0,20.16,19.98,20.16,900
2025-08-27,20.11,20.2,20.1,20.2,900
2025-08-28,20.07,20.07,20.07,20.07,100
2025-08-29,19.99,20.13,19.99,20.0,500
2025-09-02,20.21,20.47,20.0,20.0,900
2025-09-03,20.21,20.72,20.21,20.36,1200
2025-09-04,20.13,20.3,20.12,20.21,500
2025-09-05,20.75,20.78,20.47,20.47,3200
2025-09-08,21.43,21.47,20.87,20.87,6100
2025-09-09,21.24,21.32,21.1,21.32,1800
2025-09-10,20.88,21.06,20.78,21.06,2300
2025-09-11,21.17,21.35,21.05,21.1,2200
2025-09-12,21.09,21.2,20.99,21.2,2200
2025-09-15,21.0,21.12,20.85,21.09,1500
2025-09-16,20.5,21.21,20.33,20.94,6600
2025-09-17,20.86,21.28,20.66,20.66,1900
2025-09-18,21.08,21.33,21.01,21.15,1100
2025-09-19,20.37,21.15,20.37,21.15,9300
2025-09-22,21.07,21.07,20.72,20.72,2500
2025-09-23,21.01,21.51,21.01,21.18,1700
2025-09-24,20.99,21.16,20.87,20.87,1300
2025-09-25,20.02,20.63,19.65,20.63,3500
2025-09-26,20.15,20.53,20.1,20.28,1800
2025-09-29,20.82,20.82,20.15,20.15,1200
2025-09-30,20.98,21.22,20.88,20.88,2700
2025-10-01,20.5,20.95,20.35,20.95,1700
2025-10-02,20.63,20.63,20.18,20.23,1700
2025-10-03,21.18,21.21,20.91,20.91,700
2025-10-06,20.74,21.1,20.74,21.1,2000
2025-10-07,20.41,20.85,20.4,20.71,5700
2025-10-08,20.54,20.59,20.38,20.38,1200
2025-10-09,20.3,20.47,20.19,20.47,400
2025-10-10,20.12,20.33,19.36,20.33,2900
2025-10-14,21.24,21.31,20.49,20.49,3200
2025-10-15,21.16,21.43,20.98,21.34,1200
2025-10-16,20.84,21.11,20.79,21.11,600
2025-10-17,20.95,20.95,20.74,20.74,1300
2025-10-20,22.12,22.26,21.08,21.08,7100
2025-10-21,21.97,22.16,21.95,22.15,800
2025-10-22,22.03,22.03,21.93,21.98,700
2025-10-23,22.07,22.07,21.97,21.97,300
2025-10-24,21.97,22.23,21.85,22.03,1900
2025-10-27,21.45,21.71,21.45,21.5,1100
2025-10-28,21.15,21.48,21.13,21.45,2800
2025-10-29,21.67,22.25,20.87,22.0,6400
2025-10-30,21.85,21.85,21.14,21.49,7500
2025-10-31,21.21,21.21,20.84,21.2,2700
